,job_id,scraped_date,country,job_name,job_post_date,job_company,job_title,job_location,job_description,job_link,job_salary
0,job_e62ab79d743fe459,2023-04-18,United States,Data Scientist,Data Scientist / Sr Data Scientist (fully remote),Hill's Pet Nutrition,Data Scientist / Sr Data Scientist (fully remote),"Remote in Topeka, KS",,https://www.indeed.com/rc/clk?jk=e62ab79d743fe459&fccid=8ffd82d10d56fd60&vjs=3,"$77,120 - $140,000 a year"
1,job_d474e9aacf32c393,2023-04-18,United States,Data Scientist,AI engineer,Sticker Mule,AI engineer,Remote,"About Sticker Mule
Sticker Mule is the Internet's most ""kick ass"" brand. We are privately-owned, profitable, and powered by a globally distributed team that enjoys building happy customer experience at the highest technical standards. Our software team operates from 17 countries, and we're always looking for more exceptional engineers.
The Machine Learning team is responsible for building and maintaining our ML-assisted tools likeTrace andUpscale.
See more about our teams here
We offer
Remote work with flexible schedules
Varied, interesting technical challenges to solve
A fun ""no bullshit"" work environment
We like you to know
Python
PyTorch
Transformers, Diffusion, RNNs, CNNs
Familiarity with Computer Vision
Excellent communication skills (English)
Challenges
Improve our ML-assisted tools
Train new models for upcoming projects
Maintain optimal performance at scale
Compensation and benefits
Salary: $135+ based on experience
$20,000 signing bonus
4 weeks vacation (+ holidays based on your country of residence)",https://www.indeed.com/rc/clk?jk=d474e9aacf32c393&fccid=8363d1ab1997f5d7&vjs=3,From $135 a day
2,job_d8b8004bf25ed876,2023-04-18,United States,Data Scientist,Associate Data Scientist,AppFolio,Associate Data Scientist,Remote,"At AppFolio, we paddle as one. We ride and make waves together, with a relentless focus on building great products for the way our customers work and live today – and tomorrow. AppFolio is a destination organization where careers are made and accelerated. Here, innovation is a team sport.

The Associate Data Scientist will maximize product quality and adherence to FCRA compliance requirements; optimize operations for our tenant screening teams, while testing and developing product improvements to ensure alignment with legal regulatory standards.

Your impact

Deliver growth opportunities through experimentation, analysis and new data/analytics products and services
Increase accuracy and improve data quality for the product

Qualifications
“Data driven” means our narratives, interpretations, and conclusions are based on results from analysis and do not lead analysis.

Anticipate Risks: We consider any potential risk of harm with results to any relevant population (e.g., customers, customers’ customers, etc.) and use this as part of our decision to conduct analyses and if so, how to do so ethically.
Consider All Variables: We consider a wide range of potential variables to consider in analysis to ensure analyses are thorough and as objective as possible.
Approach Testing Scientifically: Testing criteria are established by scientific means in order to avoid any bias towards particular groups/cohorts.
Build Models Transparently & Ethically: Model inputs and their contribution to model results/decisions are transparent, understood, and documented. Productionized models are regularly assessed for unethical feedback loops or impacts.
Impact-Aware: Decision making connected to our tests and models consider impact to all relevant populations, including but not limited to the business.
Must Have
BS or higher in Computer Science, Mathematics, Statistics or a related field; or equivalent professional experience.
Minimum of 3-5 years of work experience in a Data Analyst role.
Strong Tableau, SQL, R (or Python), and Excel skills required.
Working knowledge of Salesforce suggested.
Ability to support, work on and communicate with a fast, cross-functional team.
Nice to have
Help build predictive, machine-learning models to enable business decisions.
Create/enable/track/analyze cross-functional data experiments.
Provide analysis and insights on key performance drivers and opportunities.
Assist in financial analyses, including month-end close, annual budget and quarterly forecasting.
Compensation & Benefits
The base salary/hourly wage that we reasonably expect to pay for this role is: $84,000 - 126,000
The actual base salary/hourly wage for this role will be determined by a variety of factors, including but not limited to: the candidate’s skills, education, experience, etc.
Please note that base pay is one important aspect of a compelling Total Rewards package. The base pay range indicated here does not include any additional benefits or bonuses/commissions that you may be eligible for based on your role and/or employment type.

Regular full-time employees are eligible for benefits including but not limited to:
Paid Time Off (PTO)
Medical, dental, and vision benefits
Long-term and short-term disability insurance
401(k)
Wellness benefits
Interns / full-time temporary / eligible variable hour employees are eligible for benefits including but not limited to:
Medical
401(k)
Wellness benefits

Why AppFolio

We ride and make waves together, with a relentless focus on building great products for the way our customers work and live today — and tomorrow. AppFolio is a destination organization where careers are made and accelerated. Here, innovation is a team sport.

Paddle as One.

Learn more at appfolioinc.com/careers
#LI-JH1",https://www.indeed.com/rc/clk?jk=d8b8004bf25ed876&fccid=1a5bf8d2e39d8e2e&vjs=3,"$84,000 - $126,000 a year"
3,job_8a3e6435326f3596,2023-04-18,United States,Data Scientist,Data Scientist,Cadent,Data Scientist,"Philadelphia, PA 19102 
(City Center West area)","Cadent powers the evolution of TV brand advertising. We provide marketers, agencies, operators, and media owners with data-driven solutions for buying and selling TV advertising. By connecting brands with opportunities across national inventory sources—cable, broadcast, and digital media—our technology improves efficiencies and boosts the results of linear, addressable, and cross-screen campaigns.
Right now we are looking for a highly motivated Data Scientist who will be responsible for applying scientific methods to identify business optimization strategies and develop, evaluate and demonstrate prototypes of empirical software including but not limited to machine learning, signal processing and optimization based numerical methods.
Data Scientists collaborate directly with the Business Intelligence, Data Engineering and Development team members to productize research as reporting and business software. This is a critical mathematical engineering role whose work is leveraged by other engineers and by senior executives to define the future of Cadent.
Our ideal player will:
Design, train and apply statistics, mathematical models, and machine learning techniques to create scalable solutions for predictive learning, forecasting and optimization
Work with Software development team to deploy models as micro-services leveraged inside of business software products
Monitor, maintain, and refine predictive models as necessary, including re-training
Work with product team to align software goals with KPI’s via empirical measure of effectiveness
Participate in the agile / scrum process
Follow the CRISP-DM process to generate robust documentation associated with iterative work
Present results to technical and business stakeholders.
Collaborate effectively with other members of the engineering research team and broader data services group including but not limited to Data Engineers, Analytics Engineers, Performance Engineers, Software Engineers and Business Intelligence analysts
Our ideal player will have:
M.S. or higher in computer science, mathematics,or related discipline with a focus on machine learning or the equivalent of 4vs. 5 in the sr. role. years of experience in machine learning, forecasting and
Practical experience building evaluating and deploying machine learning pipelines as with python, preferably with the scikit- learn ecosystem Sr. roles says AWS or GCP
Experience with SQL, accessing and organizing data drawn from relational databases
Experience in cloud computing ecosystems (preferably in AWS)
Practical experience in deep learning architectures and frameworks is a plus
Proven background answering open ended research questions using data
Experience with computational statistics and understanding of theoretical fundamentals of statistics
Strong analytical and quantitative problem-solving ability.
Fundamental understanding of the mathematical workings of standard feature engineering and machine learning algorithms.
Demonstrated communication skills including the ability switch between technical and business contexts.
Preferably a background in software development
Extra Credit if you have:
Media Experience
AWS, GCP

If the leading edge of media technology is the place you want to be, please contact us today and let’s start the conversation!
Cadent is an Equal Opportunity Employer and is committed to supporting all it’s employees when it comes to Inclusion & Diversity. Cadent’s policy is to provide equal opportunity for applicants & employees without regard to race, color, religion, creed, gender, gender identity or expression, sexual identity or orientation, age, national origin or ancestry, citizenship, disability or medical condition (including pregnancy, childbirth, or related medical condition), sexual and reproductive health decisions, genetic information, marital status (including domestic partnerships and civil unions), pregnancy, culture ancestry, familial or caregiver status, military status, veteran status, socioeconomic status, unemployment status, status as a victim of domestic violence or any other basis prohibited by law. and will not discriminate against the basis of disability. This commitment is honored when it comes to decisions on hiring, recruiting, training, promotions, compensations, benefits, transfers and terminations.
Cadent is seeking to actively engage with our employees from a wide variety of cultures and to connect with our clients differently. Our workforce has generational diversity that supports greater innovation when we maximize representation of all diversity. Our active employee resource groups promote engagement across all groups of individuals that are represented within the company and externally

Flexible work from home options available.",https://www.indeed.com/rc/clk?jk=8a3e6435326f3596&fccid=760d03f6c6eab030&vjs=3,Estimated $115K - $146K a year
4,job_3af02d93417e951c,2023-04-18,United States,Data Scientist,Junior Data Scientist,Augray,Junior Data Scientist,"Remote in Brookfield, WI","Brookfield, WI, USA
Summary:
Hiring Fresher to 1 year experience in Data Science, ML with python and strong analytical skills with a passion to take part in R&D.
About AugRay:
Augray is on a mission to build next generation method of communication using Extended Reality – XR (AR/ VR/ MR) technologies and change the way businesses re conducted and how interactions happen with people. In an age where innovation is happening all around us, there’s commonality – people are driving these changes. We offer a solution that helps to articulate product demonstration and how people conversation takes place using smartphones and wearable glasses.
We are a fast-growing tech start up and have grown to over 100 employees today, launched 3 products and customers across 3 continents including brands like CocaCola, Reliance, Caterpillar, Simpsons and more.
We’re a small and impactful team of engineers, artists, solution geeks continuously working to improve our product and our craft. We use modern, cutting-edge tech stack and love experimenting and patenting with new technologies to create our products and provide opportunities for them to continue to learn and grow into leaders and experts.
We are excited to find a person that has the passion, experience, and ability to own significant R&D tasks and product evolution working individually and or along with a team of virtual engineers.
About the Role:
Research isn’t just a buzzword to you In your role as a Data Science Associate, you will use AI, ML (Machine Learning) to deliver insightful and actionable intelligence and predictive solutions to our team to create innovative solutions for our products. You will gain experience working in AR (Augmented Reality), ML, NLP and developing data driven solutions to create algorithms while working closely with other team members of our Data Science and engineering team to deliver value to our product evolution. Aside from supporting our data science model creation and data teams, you'll also assist the product team with growth opportunities. You over-invest in the visual and interaction and a passion to solve challenges while creating innovative patentable approaches.
Required Skills:
Work with Product Managers and Engineers to dive deep into data and the user experience
Construct product metrics and statistical models to identify growth opportunities
Handle data annotation and data analysis requests from multiple stakeholders with high efficiency and quality in a fast-paced environment.
Help with the development of the annotation guidelines.
Analyze language data and evaluate trends and patterns.
Participate in an annotation tool testing and onboarding.
Track and report quality metrics and ensure delivery on all KPIs and SLAs agreed with stakeholders.
Maximize productivity, process efficiency and quality through streamlined workflows, process standardization, documentation, audits and investigations on a periodic basis.
Qualifications:
Bachelor’s or equivalent experience in Mathematics, Statistics, Econometrics, Computer Science, Electrical or Computer Engineering, or related field
1+ years’ of experience as data scientist, modeling in python or R
Bachelor/master’s degree students pursuing degrees in data science, statistics, applied math, computer science, engineering or other quantitative fields providing sufficient data science foundations
Exposure to writing code (Python preferred, R and SQL okay), collaboration (Git), developing models (machine learning, boosting & bagging algorithms, &/or regression techniques), and performing predictive analytics testing and evaluation (match case analysis, confidence intervals, experimental design, A/B testing, etc.).
A hunger to learn and work on challenging problems.


Location: Remote (work along with other remote engineers)
Compensation: 55K to 60K with benefits
Please contact: interns@wisdominfotech.com
Immigration status: You should be a US Citizen or GC holder
Start Date: ASAP",https://www.indeed.com/rc/clk?jk=3af02d93417e951c&fccid=2e2cd27fc703e613&vjs=3,"$55,000 - $60,000 a year"
5,job_23b1a2fac1a1970e,2023-04-18,United States,Data Scientist,Data Scientist (All Levels),Noblis,Data Scientist (All Levels),"Remote in Reston, VA 20191
+1 location","Responsibilities:
Noblis is seeking to hire Data Scientists (All Levels) in Reston, VA

As a Data Scientist with our team, you will be working with our federal clients to rapidly develop innovative proof of concept and prototype solutions for our clients’ immediate mission challenges. In your role, you will work on multiple projects with teams of other data scientists, software developers, and SMEs to apply the best practices and state of the art data science and machine learning processes. As a data scientist you will be working closely with federal clients providing services to develop AI/ML models and weights to selected data to facilitate object detection, data triage, search/optimization, inference, facial recognition, behavior detection, and automated discovery and decision making, maintaining model versioning system and experience identifying new vulnerabilities in models.

On our team, you will:
Identify, apply, and adapt the latest research methodologies and open source solutions
Develop and train new machine learning models
Identify, curate, and process large data sets
Research, apply, analyze, and document technical approaches and their outcomes
Have opportunities to use various types of compute resources including on premises hardware and cloud resources
Qualifications:
Required minimum skills and knowledge:
All degrees must be in a STEM field such as computer science, statistics, data analytics, computer engineering, mathematics, and physics
Entry-Level: Bachelor's Degree +0-3 years of professional work experience or Master's Degree + 1-2 years of professional work experience
Mid-Level: Bachelor's Degree +3-5 years of professional work experience or Master’s Degree + 2-4 years of professional work experience
Must be a US Citizen and able to obtain necessary clearance
Desired skills and knowledge:
Top Secret clearance
The ideal candidate has proficiency with major data science tools and languages such as Python, R, NiFi, PostgreSQL/SQL, Spark, and Git
Demonstrated experience with cleaning, managing, optimizing performance with, and processing large volumes of data
The Data Scientist has familiarity with industry best practices for software/hardware optimization when processing large data sets and offers experience in the following required task areas: experience with machine learning, statistical modeling, time-series forecasting, and/or geospatial analytics; experience with Hadoop, Spark, or other parallel storage/computing processes is a plus

#nowhiring
#externalreferral
#hotjobs
Client Engagement: · Learn about and support Noblis’ client engagement, corporate values, and corporate strategic priorities, including providing input to proposal writers. · Build a productive relationship with your client and understand their structure and goals. · Participate in the proposal process by providing input to proposal writers. Overview:
At Noblis we recognize and reward your contributions, provide you with growth opportunities, and support your total well-being. Our offerings include health, life, disability, financial, and retirement benefits, as well as paid leave, professional development, tuition assistance, and work-life programs. Our award programs acknowledge employees for exceptional performance and superior demonstration of our service standards. Full-time and part-time employees working at least 20 hours a week on a regular basis are eligible to participate in our benefit programs. Other offerings may be provided for employees not within this category. We encourage you to learn more about our total benefits by visiting the Benefits page on our Careers site.

Salary at Noblis is determined by various factors, including but not limited to, the combination of education, certifications, knowledge, skills, competencies, and experience, internal and external equity, location, and clearance level, as well as contract-specific affordability and organizational requirements and applicable employment laws. The projected compensation range for this position is provided within the posting and are based on full time status. Part time staff receive a prorated salary based on regularly scheduled hours. The estimated minimum and maximum displayed represents the broadest range for this position (inclusive of high geographic and high clearance requirements), and is just one component of Noblis’ total compensation package for employees.

With the continuing impacts of COVID-19 around the world, we are taking action to protect the health and well-being of our colleagues and maintain the safety of the communities where we operate. Noblis seeks an environment free from COVID-19 and prefers all employees to be fully vaccinated for COVID-19. Attestation of vaccination status will be required for employment with Noblis. Unvaccinated employees may be subject to additional health and safety requirements to include any federal, state and/or client restrictions.

Noblis and our wholly owned subsidiaries, Noblis ESI, and Noblis MSD tackle the nation's toughest problems and apply advanced solutions to our clients' most critical missions. We bring the best of scientific thought, management, and engineering expertise together in an environment of independence and objectivity to deliver enduring impact on federal missions. Noblis works with a wide range of government clients in the defense, intelligence and federal civil sectors. Learn more at Noblis -About Us

Why work at a Noblis company?
Our employees find greater meaning in their work and balance the other things in life that matter to them. Our people are our greatest asset. They are exceptionally skilled, knowledgeable, team-oriented, and mission-driven individuals who want to do work that matters and benefits the public. Noblis has won numerous workplace awards. Noblis maintains a drug-free workplace.

Noblis is an Equal Opportunity Employer. Employment decisions are made without regard to race (as well as because of or on the basis of traits historically associated with race, including hair texture, hair type, and protective hairstyles such as braids, locks, and twists), color, religion, national origin, gender, sexual orientation, gender identity, age, physical or mental disability, pregnancy, childbirth, lactation and related medical conditions, genetic factors, military/veteran status, or other characteristics protected by law.

Noblis is committed to the full inclusion of all qualified individuals. As part of this commitment, Noblis will ensure that persons with disabilities are provided reasonable accommodations. If reasonable accommodation is needed to participate in the job application or interview process, to perform essential job functions, and/or to receive other benefits and privileges of employment, please contact employee-relations@noblis.org .",https://www.indeed.com/rc/clk?jk=23b1a2fac1a1970e&fccid=05d6cb8b919478a9&vjs=3,Estimated $57.3K - $72.6K a year
6,job_9819e647358a7d40,2023-04-18,United States,Data Scientist,Data Scientist II - Hybrid,Radian,Data Scientist II - Hybrid,"New York, NY 10016 
(Gramercy area)","See yourself at Radian? We see you here too.
At Radian, we see you. For the person you are and the potential you hold. That’s why we’ve embraced a new way of working that lets our people across the country be themselves, be their best and be their boldest. Because when each of us is truly seen, each of us gives our best – and at Radian, we’ll give you our best right back.
See Yourself as a Data Scientist II
The Data Scientist II, MIRS primary function is estimating, validating, monitoring, and implementing consumer credit models focused on mortgage default and prepayment. This requires the use of statistical and econometric methods within a structural modeling framework while leveraging cloud computing solutions. Models will be applied to estimate mortgage insurance cash flows including claim incidence, claim severity, required capital, expected premium, return on equity, existing mortgage insurance policy attrition, and new insurance policy acquisition. The position requires the Credit Modeler II to research, develop and make recommended changes to existing models and new models. Cash flow valuation of primary mortgage insurance policies, structured mortgage insurance policies, mortgage-backed derivatives, reinsurance, and other risk-transfer transactions are also within the position’s scope of analysis. Additional responsibilities may include supporting economic scenario simulation, economic capital, and portfolio optimization. Responsibilities include leveraging machine learning, AI and econometrics in hybrid model design using Big Data and unstructured data to cultivate and leverage business insights. The position requires the ability to effectively communicate technical findings and recommendations to nontechnical managements teams.
See Your Primary Duties and Responsibilities
Delinquency, default, prepayment, claim severity model estimation and design.
Programming in support of model estimation, implementation, monitoring, and back testing
Creation of analytical presentations and communication of strategic business findings to management
Analysis and recommendations on alternative credit structures, risk sharing arrangements, and/or non-traditional manners in which to participate and take on credit risk as appropriate and necessary
Data manipulation of large files (R, Python, or SAS datasets) to identify trends and make recommendations and/or adjustments to credit/portfolio guidelines as necessary
Model development and methodology research
Perform other duties as assigned or apparent.
See the Job Specifications
Your Knowledge:
Expert understanding of mortgage delinquency, default, prepayment and loss given default modeling. Expert mathematical, statistical, and econometric understanding.
Strong analytical background, along with the ability and willingness to effectively make recommendations on transactions based on sound business judgment.
Expert in SAS, R, C++ or python for data analysis and modeling.
Experience leveraging AWS based applications and resources (EC2, EMR, S3, Lambda, Jupyter Notebook, Zeppelin, Spark) is desirable.
Expert mathematical, statistical, and econometric knowledge.
Strong understanding of financial analysis of structured mortgage products.
Your Skills and Abilities:
Expert in SAS, R, or python and proficient in Excel for data analysis.
Experience leveraging cloud computing.
Able to work in a team environment.
Able to effectively summarize and communicate relevant findings and other information.
Your Education, Certifications and Prior Work-Related Experience:
Degree Requirement: Master's Degree or Equivalent Experience
Degree Preferred: Master's Degree or Equivalent Experience
Certifications: Quantitative Field
Work Experience: 4 or more years of prior work related experience
See Your Location
This is a hybrid position, based out of our New York City location, requiring 2- 3 days in office per week.
Radian is committed to a flexible work environment for many of our roles. This role is hybrid and will provide you the flexibility to work both in office and at your designated *Work From Anywhere* location each week.

Work From Anywhere is subject to Radian’s Alternative Work Policy and business needs
See Why You Should Work With Us
Competitive Compensation: anticipated base salary from $95,000 to $135,700 based on skills and experience. This position is eligible to participate in an annual incentive program.
Our Company Makes an Impact. We’ve been recognized by multiple organizations like Bloomberg’s Gender-Equality Index, HousingWire’s Tech 100, and The Forum of Executive Women’s Champion of Board Diversity. Radian has also pledged to PwC’s CEO Action for Diversity & Inclusion commitment.
Rest and Relaxation. This role is eligible for 25 days of paid time off annually, which is prorated in the year of hire based on hire date. In addition, based on your hire date, you will be eligible for 9 paid holidays + 2 floating holiday in support of our DEI culture.
Health & Welfare Benefits. Multiple medical plan choices, including HSA and FSA options, dental, vision, and basic life insurance.
Prepare for your Future. 401(k) with a top of market company match (did we mention the company match is immediately vested?!) and an opportunity to participate in Radian’s Employee Stock Purchase Plan (ESPP).
Paid Parental Leave. An opportunity for all new parents to embrace this exciting change in their lives.
Employee Assistance and Discount Programs. From helping you navigate the healthcare system, to providing resources and assistance to parents and caregivers of children with development disabilities, to scoring discounts with thousands of retailers.
Pet Insurance. To help protect our furry family members.
See More About Radian
Radian is a fintech servicing the mortgage and real estate services industry. As a team, we pride ourselves on seeing the potential of every person, every idea and every day.
Seeing each other at Radian goes far beyond our open, flexible culture. It means seeing our people’s potential – and creating inspiring career paths that help them get there. Or seeing new pathways and innovating for the future of our industry. It means seeing each other for all that we are. And it means seeing our purpose as one that extends beyond the bottom line – having an impact on communities across the country to help more people achieve the American Dream of homeownership.
We hope you’ll see yourself at Radian. See more about us at Radian.com.
Defining Roles for Radian's Future
Understanding the qualities and characteristics that define a Leader and an Employee is important to building our future-fit workforce. Radian's future is only as bright as its people. For that reason, our People Plan includes profiles to support the qualities and characteristics that each Leader as well as each Employee should embody upon hire or via development.
EEO Statement
Radian complies with all applicable federal, state, and local laws prohibiting discrimination in employment. All qualified applicants will receive consideration for employment without regard to gender, age, race, color, religious creed, marital status, gender identity, sexual orientation, national origin, ethnicity, ancestry, citizenship, genetic information, disability, protected veteran status or any other characteristic protected by applicable federal, state, or local law.

Equal Opportunity Employer Details
View the ""EEO is the Law"" poster [Link]. View the ""EEO is the Law"" Supplement [Link]. View Pay Transparency Nondiscrimination Provision [Link].

Accommodation
Whether you require an accommodation for the job application or interview process, Radian is dedicated to a barrier-free employment process and encourages a diverse workforce. If you have questions about the accommodation process, please e-mail careers@radian.com.",https://www.indeed.com/rc/clk?jk=9819e647358a7d40&fccid=49bacaf9ea5daa22&vjs=3,"$95,000 - $135,700 a year"
7,job_4da612ed7a1fbfd2,2023-04-18,United States,Data Scientist,Data Scientist,Pinterest,Data Scientist,"+3 locations
Remote","About Pinterest:
Millions of people across the world come to Pinterest to find new ideas every day. It’s where they get inspiration, dream about new possibilities and plan for what matters most. Our mission is to help those people find their inspiration and create a life they love. In your role, you’ll be challenged to take on work that upholds this mission and pushes Pinterest forward. You’ll grow as a person and leader in your field, all the while helping Pinners make their lives better in the positive corner of the internet.
Our new progressive work model is called PinFlex, a term that’s uniquely Pinterest to describe our flexible approach to living and working. Visit our PinFlex landing page to learn more.
As a Data Scientist you will shape the future of people-facing and business-facing products we build at Pinterest. Your expertise in quantitative modeling, experimentation and algorithms will be utilized to solve some of the most complex engineering challenges at the company. You will collaborate on a wide array of product and business problems with a diverse set of cross-functional partners across Product, Engineering, Design, Research, Product Analytics, Data Engineering and others. The results of your work will influence and uplevel our product development teams while introducing greater scientific rigor into the real world products serving hundreds of millions of pinners, creators, advertisers and merchants around the world.
What you'll do
Develop best practices for instrumentation and experimentation and communicate those to product engineering teams to help us fulfill our mission - to bring everyone the inspiration to create a life they love
Bring scientific rigor and statistical methods to the challenges of product creation, development and improvement with an appreciation for the behaviors of our Pinners
Build and prototype analysis pipelines iteratively to provide insights at scale while developing comprehensive knowledge of data structures and metrics, advocating for changes where needed for product development
Work cross-functionally to build and communicate key insights, and collaborate closely with product managers, engineers, designers, and researchers to help build the next experiences on Pinterest
What we're looking for
4+ years of experience analyzing data in a fast-paced, data-driven environment with proven ability to apply scientific methods to solve real-world problems on web-scale data
Extensive experience solving analytical problems using quantitative approaches including in the fields of Machine Learning, Statistical Modeling, Forecasting, Econometrics or other related fields
Experience using machine learning and deep learning frameworks, such as PyTorch, TensorFlow or scikit-learn
A scientifically rigorous approach to analysis and data, and a well-tuned sense of skepticism, attention to detail and commitment to high-quality, results-oriented output
Ability to manipulate large data sets with high dimensionality and complexity; fluency in SQL (or other database languages) and a scripting language (Python or R)
Excellent communication skills and ability to explain learnings to both technical and non-technical partners
A team player who's able to partner with cross-functional leadership to quickly turn insights into actions
This position is not eligible for relocation assistance.
#LI-REMOTE
#LI-NM4
At Pinterest we believe the workplace should be equitable, inclusive, and inspiring for every employee. In an effort to provide greater transparency, we are sharing the base salary range for this position. The position is also eligible for equity. Final salary is based on a number of factors including location, travel, relevant prior experience, or particular skills and expertise.
Information regarding the culture at Pinterest and benefits available for this position can be found here.
US based applicants only
$145,700—$258,700 USD
Our Commitment to Diversity:
Pinterest is an equal opportunity employer and makes employment decisions on the basis of merit. We want to have the best qualified people in every job. All qualified applicants will receive consideration for employment without regard to race, color, religion, sex, sexual orientation, gender identity, national origin, disability, protected veteran status, or any other characteristic under federal, state, or local law. We also consider qualified applicants regardless of criminal histories, consistent with legal requirements. If you require an accommodation during the job application process, please notify accessibility@pinterest.com for support.

Not Specified
0",https://www.indeed.com/rc/clk?jk=4da612ed7a1fbfd2&fccid=43014b1412e0a7b6&vjs=3,Estimated $164K - $208K a year
8,job_67a4f3249130882a,2023-04-18,United States,Data Scientist,Data Scientist - Remote,OneDigital,Data Scientist - Remote,Remote,"Are you looking to accelerate your career without having to hide your authentic self - a place where you can be you? A career that’s making a bigger impact on the world? At OneDigital, we are on a mission to help people do their best work and live their best lives. From the services we offer to the way we show up for each other each day, we are fueling dreams, achieving big goals, and embracing each other’s truest selves.
We understand that pursuing a new job is a big deal. Maybe you’re afraid you won’t fit in. Well, here’s the good news. For us, the days of “fit in to get in” are over and being different is not a barrier to getting ahead. Greatness comes in all shapes, sizes, colors, and experience levels. If you are looking for a people-first culture that is wired for growth, driven to serve, and totally committed to having your back, give us a shot. Your best life awaits.
Our Newest Opportunity:
Summary:
The National Analytics Team at OneDigital is responsible for developing tools/models and for managing client projects that focus on employers’ health benefits strategies, including financial projections, carrier selection, plan design optimization, employee contribution setting, IBNR valuations, benchmarking, well-being initiatives, and renewal negotiations. Centralized at corporate, the department works both with field office analytics and consulting leaders, as well as directly with large clients. The team helps OneDigital colleagues and clients evaluate and optimize their health and welfare programs.
As a part of the R&D team, the Data Scientist helps to develop new models and tools that our local consultants will use to service their individual clients. This position provides the opportunity to work with many key thought leaders across each region as we further innovate and digitize our overall strategy when it comes to consulting.

Essential Duties and Responsibilities (include but are not limited to):
Assist in developing models/tools that will be used across the company
Assist in audits to ensure integrity of data
Debug, test, and maintain new and existing models
Provide R&D support and manage model enhancement requests
Train users/answer questions on new models/developments
Skills:
2+ years of experience with advanced Excel /VBA best practices to create Macros with code that is easy to understand, transferable and easy to maintain
Experience working with visualizing tools such as Tableau, Power BI, Pivots/Advanced Excel
Proficiency in data visualization and scripting/programming languages (SQL, R, Python) desired
Comfortable working with complex data sets
Actively seek out ways to improve processes, reduce risk, increase productivity and lower costs
Self-motivated, Well-organized high achiever with the ability to handle several projects/tasks simultaneously
Fast learner with strong problem solving and quantitative skillset
Critical thinker with ability to see the big picture
Dedicated work ethic with a commitment to client service excellence
Education, Training and Experience:
Bachelor's/Master's degree in fields such as: data science, data engineering, data mining, computer science, computer engineering, statistics, mathematics, or equivalent quantitative discipline
2-5 years of relevant work experience
Relevant health actuarial consulting and/or health plan/insurance company experience (preferred)
Thank you for your interest in joining the OneDigital team!",https://www.indeed.com/rc/clk?jk=67a4f3249130882a&fccid=83cb647156059a60&vjs=3,Estimated $83.7K - $106K a year
9,job_c4bbc804c7f47469,2023-04-18,United States,Data Scientist,"Research Data Scientist, Tatonetti Lab",CEDARS-SINAI,"Research Data Scientist, Tatonetti Lab","West Hollywood, CA
+7 locations","The Research Data Scientist participates in biomedical research projects using programming, data-mining, statistics, machine learning, and visualization techniques to develop, evaluate, and/or apply algorithms and software for data analysis. Responsibilities include querying databases, data processing, supervised and unsupervised machine learning, deploying production models, and communication of scientific findings via peer-reviewed publications and scientific conferences. Writes clean, performant, reusable code managed on GitHub to perform repeatable analyses and to train and deploy models to multiple environments.
The Research Data Scientist in the Tatonetti Lab at Cedars-Sinai will conduct research to improve translational cancer research by leveraging clinical and molecular data. In the Tatonetti Lab we use advanced data science methods, including artificial intelligence and machine learning, to investigate drug safety, drug-drug interactions, and cancer pharmacology and to improve the cancer clinical trials process. Using emerging resources, such as electronic health records (EHR) and genomics databases, we are working to advance the science of pharmacology with a focus on serving traditionally underrepresented populations.
Primary Duties and Responsibilities
Assists with the development, evaluation, and/or application of computational and statistical methods including artificial intelligence and machine learning algorithms and software for the analysis of biomedical data.
Assists with the presentation and communication of scientific results through laboratory meetings, scientific conferences, and peer-reviewed publications.
Creates database-to-deployment pipelines for models using the necessary programming languages (primarily R, Python, SQL).
Creates sustainable data science infrastructure and adheres to data analysis/machine learning best practices.
Performs exploratory data analysis to gauge the need for or appropriateness of advanced analytical methods.
Works with senior or lead data scientists and principal investigators to identify areas where data science can best be applied to answer biomedical research questions.
Tests and validates code to ensure robustness of data applications with version control through GitHub.
Performs all other duties as assigned.

Requirements:
Bachelor's Degree - computer science, machine learning, applied mathematics, econometrics, statistics, engineering, physics, or related discipline.
Experience working with Cancer data modalities
Preferred:
Master's Degree - computer science, machine learning, applied mathematics, econometrics, statistics, engineering, physics, or related discipline.
2-5 years professional experience in healthcare or pharmaceutical industries working with biomedical data
Experience programming at an intermediate skill level with a high-level programming language such as R or Python. College projects may be acceptable.
Experience programming at a basic to intermediate proficiency level in SQL
2-5 years of experience in biomedical machine learning is preferred
Physical Demands:
Standing, Walking, Sitting, Lifting 50 lbs. Carrying 50 lbs. Pushing 50 lbs. Pulling 50 lbs. Reaching, Handling, Grasping, Feeling, Talking, Hearing, Repetitive Motions, Eye/Hand/Foot Coordination


Working Title: Research Data Scientist, Tatonetti Lab
Department: Cancer Institute
Business Entity: Cedars-Sinai Medical Center
Job Category: Family & Function,Cedars-Sinai Medical Center,Family & Function,Cedars-Sinai Medical Center
Job Specialty: UNASSIGNED
Position Type: Full-time
Shift Length: 8 hour shift
Shift Type: Day
Base Pay:$45.56 - $77.45",https://www.indeed.com/rc/clk?jk=c4bbc804c7f47469&fccid=22d99361dca0507f&vjs=3,$45.56 - $77.45 an hour
10,job_96d725e26f1aa7b3,2023-04-18,United States,Data Scientist,Staff Data Scientist,Honor,Staff Data Scientist,Remote,"Staff Data Scientist
We’re looking for data scientists to join our team. You'll develop statistical and machine learning models to improve our operations platform and help us provide a better service to our clients. We're looking for generalist data scientists who are excited to jump into new problems and write production-quality code. Leverage data to solve meaningful problems with appropriate complexity Collaborate with a diverse team across engineering, PM, and care operations to define a strategy and execute against it Research operational/logistical problems and proactively identify potential solutions. Lead the design, implementation, and evaluation of descriptive and predictive models. Integrate machine learning into user-facing applications. Mentor and provide technical oversight on teammates' projects throughout the project lifecycle. About you: Excellent communication skills with both technical and non-technical peers. Excellent mathematical and statistical fundamentals, including a degree in a quantitative field (such as Computer Science, Mathematics, Statistics, Economics, Physics) or equivalent professional experience. Wide-ranging professional experience solving complex business problems and shipping Python in a production environment. Using NLP methods to build data products from a variety of unstructured data sources, including phone calls and website forms 5+ years of industry experience. Expertise with numerical software packages such as NumPy, scikit-learn, or Keras. Able to manage product ambiguity, seeking clarity when possible. Are accountable end-to-end for your own projects, through planning, deployment, maintenance, and monitoring. You spot and address potential issues early. Bonus points if you have professional experience with: Designing systems to optimize portfolio allocation in a two-sided marketplace (E.g., ideal matches of people needing and providing care, automated financial incentives to staff remaining shifts, etc.) Using survival analysis and related methods to evaluate risk of employee churn and to predict future high-performers Collaborating with designers to develop effective methods of collecting data in order to quantify highly qualitative attributes, such as personality, taste preferences and perceived quality Applying spatial statistics to incorporate geographic and regional differences in a variety of problem contexts Our range reflects the hiring range for this position. We use national average to determine pay as we are a remote first company. Individual pay is based on a number of factors including qualifications, skills, experience, education, and training. Base pay is just a part of our total rewards program. Honor offers generous equity packages that increase with position level and responsibilities, and a 401K with up to a 4% employer match.We provide medical, dental and vision coverage including zero cost plans for employees. Short Term Disability, Long Term Disability and Life Insurance are fully employer paid with a voluntary additional Life Insurance option. We offer a generous time off program, mental health benefits, wellness program, and discount program. Hiring Salary Range$185,000—$215,000 USD
Remote

Honor exists to expand the world’s capacity to care.
We’re combining high tech with high-touch to deliver better home care for aging adults, better jobs for Care Professionals, and entirely new offerings to support the aging journey, at scale.
Founded in 2014, and now a Series E funded “Unicorn” valued at over $1B, Honor leads the world’s largest home care network with the most advanced care platform. Our August 2021 acquisition of Home Instead has created a global company that’s revolutionizing how society cares for older adults, their families, and Care Professionals.
The Honor Care Platform combines local care and the most advanced technology to bring the highest quality care to more aging adults.
Grow at Honor as part of a united team where everyone shows up authentically, shares ideas bravely, and solves complex problems!
About the Work:
We’re looking for data scientists to join our team. You'll develop statistical and machine learning models to improve our operations platform and help us provide a better service to our clients. We're looking for generalist data scientists who are excited to jump into new problems and write production-quality code.
Leverage data to solve meaningful problems with appropriate complexity
Collaborate with a diverse team across engineering, PM, and care operations to define a strategy and execute against it
Research operational/logistical problems and proactively identify potential solutions.
Lead the design, implementation, and evaluation of descriptive and predictive models.
Integrate machine learning into user-facing applications.
Mentor and provide technical oversight on teammates' projects throughout the project lifecycle.
About you:
Excellent communication skills with both technical and non-technical peers.
Excellent mathematical and statistical fundamentals, including a degree in a quantitative field (such as Computer Science, Mathematics, Statistics, Economics, Physics) or equivalent professional experience.
Wide-ranging professional experience solving complex business problems and shipping Python in a production environment.
Using NLP methods to build data products from a variety of unstructured data sources, including phone calls and website forms
5+ years of industry experience.
Expertise with numerical software packages such as NumPy, scikit-learn, or Keras.
Able to manage product ambiguity, seeking clarity when possible.
Are accountable end-to-end for your own projects, through planning, deployment, maintenance, and monitoring. You spot and address potential issues early.
Bonus points if you have professional experience with:
Designing systems to optimize portfolio allocation in a two-sided marketplace (E.g., ideal matches of people needing and providing care, automated financial incentives to staff remaining shifts, etc.)
Using survival analysis and related methods to evaluate risk of employee churn and to predict future high-performers
Collaborating with designers to develop effective methods of collecting data in order to quantify highly qualitative attributes, such as personality, taste preferences and perceived quality
Applying spatial statistics to incorporate geographic and regional differences in a variety of problem contexts
Our range reflects the hiring range for this position. We use national average to determine pay as we are a remote first company. Individual pay is based on a number of factors including qualifications, skills, experience, education, and training.

Base pay is just a part of our total rewards program. Honor offers generous equity packages that increase with position level and responsibilities, and a 401K with up to a 4% employer match.
We provide medical, dental and vision coverage including zero cost plans for employees. Short Term Disability, Long Term Disability and Life Insurance are fully employer paid with a voluntary additional Life Insurance option. We offer a generous time off program, mental health benefits, wellness program, and discount program.
Hiring Salary Range
$185,000—$215,000 USD
What’s next?
Honor is remote friendly! We're hiring across the U.S., with an entirely virtual interview and onboarding process. Most of our positions are remote/work from home and do not require permanent relocation. As conditions allow, we have office space for in-person collaboration in our San Francisco Bay Area, CA and Austin, TX hubs. If you're looking for a great job that offers you the opportunity to work from home, we'd love to talk to you.
Want to know more about why Honor is a great place to work? Check out our perks!

We value people! These four people-centric values guide the ways we work and decisions we make every day.
This role doesn’t sound quite right? Send this application to a friend who may be a fit and check out our other available roles!
#LI-Remote
Honor is an equal opportunity employer. All qualified applicants will receive consideration for employment without regard to race, color, religion, sex (including pregnancy), national origin, age, disability, genetic information, political affiliation or belief.",https://www.indeed.com/rc/clk?jk=96d725e26f1aa7b3&fccid=d12645453d9cc8ea&vjs=3,"$185,000 - $215,000 a year"
11,job_20c8f542b3f17ed7,2023-04-18,United States,Data Scientist,Associate Data Scientist - Rotational Program,Mutual of Omaha,Associate Data Scientist - Rotational Program,Remote,"Location: Various Locations
Work Type: Full Time Regular
Job No: 502186
Categories: Analytics/Data Science
Application Closes: Open Until Filled
The rADS Program is a training program designed to provide early-in-career data scientists with the opportunity to work on diverse projects and gain exposure to different areas within Mutual of Omaha. The program lets the associate data scientists rotate through different teams within our company, allowing them to gain experience in different aspects of data science and build a well-rounded skill set.

WHAT YOU'LL DO:
Collaborate with business partners to understand business objectives/goals and develop a clear and well-defined analytic plan.
Support the analytic life cycle.
Performs data extraction and data manipulation.
Explore data to understand and articulate the data profile and its limitations.
Assist in the development of predictive modeling and association modeling such as segmentation analysis, data modeling, risk modeling, behavioral analysis, cross-selling analysis, and customer churn analysis.
Develop trusted outcomes by applying appropriate analytical techniques and metrics.
Support the deployment and maintenance of the analytic model.
Communicate clear outcomes at varying levels of detail to our business partners.


ABOUT YOU:
You help promote a culture of diversity and inclusion within the department and the larger organization. You value different ideas and opinions. You listen courageously and remain curious in all that you do.
You are able to work remotely and have access to high-speed internet.
Must be located in United States or Puerto Rico.
Undergraduate degree in analytically driven fields such as mathematics, statistics, physics, economics, data science, computer science, operations research, or actuarial science.
Ability to write SQL to gather data.
Proficient in Python and R; proficient in statistical analysis and machine learning.
Basic understanding of data visualization.
Knowledge of structured data platforms.
Adequate verbal and written communication and human relations skills.
Strong problem-solving skills and a high level of intellectual curiosity.
We recognize that people come with diverse experience and talent beyond just the requirements of the job. Diversity of experience and skills combined with passion is a key to innovation and excellence. If your experience is relevant to what you see listed, please consider applying – we’d love to hear from you!

VALUABLE EXPERIENCE:
Graduate degree in analytically driven fields such as mathematics, statistics, physics, economics, data science, computer science, operations research or actuarial science.
Database and/or engineering skills a plus.
Product and industry knowledge.
Strong business acumen.
Associate or Fellow in Society of Actuaries.

WHAT WE CAN OFFER YOU:
A diverse workplace where associates feel a sense of belonging. To learn more about our commitment of Diversity, Equity and Inclusion, please visit our website
An organization that feels like a small, close-knit community and has the strength of a Fortune 500 company.
Tuition reimbursement, training and career development.
Comprehensive benefits plan that includes medical, dental, vision, disability and life insurance.
Flexible spending accounts for healthcare and childcare needs.
401(k) plan with a 2% company contribution and 6% company match.
Competitive pay with an opportunity for incentives for all associates.
Flexible work schedules with a healthy amount of paid time off.
For more information regarding available benefits, please visit our Career Site.
Salary Range: $72,000 - $114,000
Pay commensurate with experience.
Recognized as a certified Great Place to Work®.


MUTUAL OF OMAHA:
Mutual of Omaha serves more than 4.8 million individual product customers and 39,000 employer groups. Our legacy of stability creates an environment where every associate is encouraged to experiment, innovate and grow in their own unique career path.
From day one, you’ll have the tools to be your best self at work. Here you’ll do meaningful work and your talents will have a positive impact on peoples’ lives as we help our customers protect what they care about and achieve their financial goals.
Each associate is a unique contributor to creating a diverse, dynamic, thriving and inclusive workplace. We want you to become engaged … feel a sense of belonging … and contribute to the company’s exceptional future.
We are committed to optimizing flexible work. We support a full range of work approaches: fully remote, hybrid and in-person. Many of our roles are remote. Employees in remote roles may occasionally travel to a Mutual of Omaha office or elsewhere for required meetings or team-building events. Remote employees who are assigned a Mutual of Omaha office location can work on-site on a voluntary basis, subject to local and company COVID-19 guidelines.
Join forces with a company that can AMPLIFY YOUR STRENGTHS AND EMPOWER YOUR CAREER.

For inquiries about the position or application process, contact our HR Helpline at 1-800-365-1405.
If you are a qualified individual with a disability or a disabled veteran, you have the right to request an accommodation if you are unable or limited in your ability to use or access our career center as a result of your disability. To request an accommodation, contact a Human Resources Representative at 1-800-780-0304. We are available Monday through Friday 7 am to 4:30 pm CST we will reply within 24 hours.
Mutual of Omaha and its affiliates are an Equal Opportunity /Affirmative Action Employer. Qualified applicants will receive consideration without regard to race, color, religion, sex, sexual orientation, gender identity, national origin, disability or protected veteran status.
To All Recruitment Agencies: We do not accept unsolicited agency resumes and we are not responsible for any fees related to unsolicited resumes.
Circa
Help: 800-365-1405",https://www.indeed.com/rc/clk?jk=20c8f542b3f17ed7&fccid=7f07a4e82fbeccf8&vjs=3,"$72,000 - $114,000 a year"
12,job_f703040fa9de2856,2023-04-18,United States,Data Scientist,Lead Data Scientist,OBMedia,Lead Data Scientist,Remote,"If you are motivated by a fast growing company where you can really make an impact, enjoy the fully-remote, small-company lifestyle, and are comfortable with the rewards and challenges of working with a diverse array of business, technical, and analytical problems, then we would love to work with you!

The Role
We are looking for a Lead Data Scientist to join our growing Data Science & Analysis team. Overseeing a team of three Data Analysts, the candidate would work with leadership, and other departments to pursue opportunities to further understanding, boost productivity, and deliver results.
Our team engages in a wide range of projects on large streams of online advertising behavioral data. Our work ranges from tactical observational analysis, to ambitious ML projects, ultimately supporting and contributing to OBMedia's ambitious growth strategies.
Reports to Chief Data Officer

Essential Functions & Responsibilities
Be the point of contact on major team projects and strategies
Collaborate with analysts and data engineering on algorithm / models / pipeline development
Make key contributions to understanding projects, defining metrics, and outputs
Interact and form cross-functional teams to deliver on major projects
Pursue opportunities to prototype, and demonstrate the potential of ideas
Effective communication with leadership, technologists and business teams
Skills & Background
3+ years leading projects, and managing teams
Experience with a variety of statistical and machine learning methods
History of delivering business integration of Data Science solutions
Facility with extracting and manipulating large data sets in cloud environments
Understanding of scalable Python/Spark/SQL code and backend API for web applications
A degree in a STEM related discipline
Prefer demonstrable contributions to open source projects and/or kaggle competitions
Benefits
100% Employer Paid Health, Dental and Vision coverage for Employees
401(k) at a 4% match
4 Weeks PTO
Performance based annual bonuses
Home office allowances
Work sponsored travel
About OBMedia
We are a small, profitable company that has been working remotely long before it became trendy. Growing from a startup in 2001 to one of the most trusted and established Ad Networks in the industry, we partner with some of the biggest names in tech to connect publishers, relevant advertisers and diverse audiences.
OBMedia is a subsidiary of the Enero Group, a publicly-held, international network of marketing and communications firms listed on the Australian Stock Exchange. This combination creates the opportunity to work autonomously in a startup-like environment, while enjoying the stability provided under the larger corporate umbrella.

The Team
We are a steadily growing and fully remote team of media buyers, analysts, engineers, and strategic thinkers that enjoy the autonomy and innovation of a startup environment. Located around the world, we are united in our passion to continually learn, grow, and build.
Internet advertising is a complex and fast paced marketplace and we compete in many areas of it while constantly exploring new opportunities. Doing so successfully requires a dedicated team, working together to find and take advantage of those opportunities. We’ve been doing this successfully since 2001, and we’re pretty good at it. We are looking for people who help us be better.",https://www.indeed.com/rc/clk?jk=f703040fa9de2856&fccid=616700522c49f565&vjs=3,"$160,000 - $230,000 a year"
13,job_dad427ea48912538,2023-04-18,United States,Data Scientist,Data Scientist (CATALYST) June 2023 Start,AGCO,Data Scientist (CATALYST) June 2023 Start,"Duluth, GA 30096
+2 locations","Data Scientist (CATALYST) - REMOTE

Who we are looking for:

We are looking for someone who is excited about a career in the Data & Analytics and passionate about providing industry-leading smart farming solutions to sustainably feed our world. AGCO is a global leader in the design, manufacture and distribution of agricultural machinery and precision Ag technology driving farmer-focused solutions. This role is part of CATALYST, AGCO’s Rotational Development Program.

CATALYST

CATALYST will offer you three 6-month rotations in data and analytics over a total of 18 months to build up knowledge in building database capabilities, developing analytics and advancing analytics, in addition to essential business and soft skills. The rotations will be in various business areas, including strategy, engineering, IT and customer solutions.

Upon successful completion of the program, you will have career opportunity as a Data Scientist, Data Engineer or other Data & Analytics roles at AGCO. Candidates who apply for this program, should be interested in a long-term career path with AGCO. By joining CATALYST, you will discover the endless career opportunities through a strong foundation of data & analytics and understanding of our customers – farmers.

What you will do (varies by rotation):

As part of the CATALYST, you will interact and work with other CATALYST trainees from different functions, such as sales and marketing, engineering, IT, etc., to build up a professional network that will benefit the rest of your career. The program also includes group development activities, such as facilities tours, customer visits, hands-on farming and machinery experience, continual education, mentorship, professional development workshops, and more.
During the program you be responsible for developing statistical analysis and AI/machine learning techniques to carry out descriptive, diagnostic, predictive and prescriptive analytics use cases in support of making farmers more productive and profitable.
This role utilizes analytical, statistical, and programming skills to collect, analyze, and interpret large data sets. This information is then used to develop data-driven solutions to difficult business challenges which will enable industry leading, smart farming solutions.
The successful candidate will participate in the adoption and advancement of analytics maturity within AGCO through the collaboration with stakeholders, delivery of insights and explanation of analysis.
Responsibilities may vary based on the person’s experience, skillset, and assigned rotations.
Travel Requirement: <20% for meeting, training, and events during the CATALYST program

What you will bring:

Bachelor’s degree or equivalent work experience in related field
Advanced analytics skills (Python, R, SAS, SQL etc.) to carry out statistical and machine learning analysis
Familiar with cloud technologies for model development and deployment
Fluency in English
Excellent analytical and problem-solving skills

A plus if you have:

Big data computing frameworks for processing of large data volumes (AWS Glue, EMR and Sagemaker)

What we offer:

Experience our global diversity and enterprising spirit while helping us create innovative technologies and a positive impact that helps feed the world’s nearly 8 billion people. From the day you decide to join AGCO, we want to engage and excite you and we’re clear on where we want to go as a business and we trust you to help us there. Whether you want to learn a new skill or you aspire to do something different, we can help you develop the skills you need to take your career - and our business - to the next level.

We also invite you to “Make the Most of YOU” - Benefits include: health care and wellness plans, flexible and virtual work options (where available), 401(k) Savings Plan with company match, paid holidays and paid time off, flexible spending accounts, reimbursement for continuing education, company philanthropic programs, company perks programs, and much more…

Please note that this job posting is not designed to cover or contain a comprehensive listing of all required activities, duties, responsibilities or benefits and may change at any time with or without notice.

AGCO is proud to be an Equal Opportunity Employer.
We maintain a drug-free workplace and perform pre-employment substance abuse testing.

AGCO is a global leader in the design, manufacture and distribution of agricultural engineering with a portfolio of exciting international brands which deliver solutions to farmers in 140 countries through a full line offer from tractors and combine harvesters to protein production systems and smart farming software solutions – to an environment where the future is happening now. Join us as we bring agriculture into the future.",https://www.indeed.com/rc/clk?jk=dad427ea48912538&fccid=d576b5b1f45626a0&vjs=3,Estimated $90.5K - $115K a year
14,job_006421105811ad35,2023-04-18,United States,Data Scientist,Data Scientist,Patrick J McGovern Foundation,Data Scientist,Remote,"The Patrick J. McGovern Foundation (PJMF) is a private foundation dedicated to advancing artificial intelligence and data science solutions to create a thriving, equitable, and sustainable future for all. PJMF works in partnership with public, private and social institutions to drive progress on our most pressing challenges, including digital health, climate change, broad digital access, and data maturity in the social sector.

For more information, please visit our website at https://www.mcgovern.org/. Core to PJMF’s mission is inclusion, diversity, equity, and accessibility (IDEA). We apply the IDEA framework to all we do, from growing a diverse team within the foundation to coalition building with organizations and people around the world, and to democratizing the development and rewards of AI and data.

The Patrick J McGovern Foundation (PJMF) is seeking an experienced, multi-faceted and self-driven Data Scientist. This role sits within the Data Solutions team and will be directly engaged with the development, deployment and maintenance of AI products that will drive positive social impact around the world. The charter of the Data Solutions team is to identify, develop and deploy strategic data and AI solutions, focused on unlocking opportunities and addressing broad challenges the social good sector is facing now, and in the near future. The Data Scientist is responsible for training, validating, and deploying AI models using a rapid prototyping methodology. We are a small, high performance team and in many ways function as a startup. As such, the ideal candidate will be someone who can also manage some elements of the data engineering and MLOps roles that you would typically find in larger teams.
How you will make an impact:
Work closely with the Technical Product Manager, along with partners and end-users, to understand their challenges in order to build an effective and safe AI product
Identify, ingest, preprocess and clean the appropriate datasets needed for model training
Training, validation, and deployment of a model that addresses a specific social sector challenge
Monitor and maintain model performance, scalability and security
Seek out potential harm the data and AI product can cause (training/prediction bias, privacy violations, grossly inaccurate predictions, etc) and work to address those harms
Employ rapid prototyping techniques to quickly develop and iterate on AI product deployment and fast integration of end-user feedback loop
Integrate necessary data technologies, platforms, tools, and 3rd party tools needed for product deployment and functionality
Ensure AI product performs as intended and expected by end-users
Ensure appropriate maintenance, bug fix and feature requests are resolved
Create appropriate system diagrams and documentation, including model explainability
What you will need to succeed:
Experience - Demonstrated experience in training, development and deployment of supervised and unsupervised machine learning, deep learning algorithms and applied AI. Strong understanding and experience in analytical and statistical modeling and methods. MLOps experience in deploying and maintaining models is a plus.
Technologies - Strong experience with Python/R programming, cloud services and infrastructure, containerization and orchestration tools. Experience with CI/CD, software bug tracking and feature request management, using tools like Jenkins, Jira, GitHub, etc.
Learning - Our data and AI products can span a range of applied AI focus areas. From NLP-based solutions to image recognition and processing, the applications are essentially unrestricted. Hence, this role will require an individual with an appetite for (quickly) learning and applying the various techniques needed to address the specific focus area
Communication - Ability to communicate effectively with cross-functional teams, engineers, partners and end-users. Excellent written and verbal communication skills to technical and non-technical audiences. Excellent technical writing and documentation skills
Teamwork - Effective team player who understands the responsibility every individual brings to the table and how to encourage and drive results from each team member
High Performance - Ability to quickly learn new technologies and methodologies to ensure successful and timely completion of product development
Results-oriented - Highly organized and detail-oriented, self-driven and able to adapt to learning and implementing new technologies, and creative in solving issues as they arise
Cultural alignment - An advocate for social progress; interest in emerging technologies and their ability to advance societal outcomes
Applicants must be authorized to work for any employer in the U.S. We are unable to sponsor or take over sponsorship of an employment Visa at this time.
What we offer:
Compensation – Anticipated starting salary range of $110,000-$140,000, with flexibility based on experience
Health Coverage – Foundation-paid medical, dental, and vision insurance for employees, spouses/domestic partners, and dependents. HSA/FSA plans, life insurance, and short- and long-term disability coverage
Long-term Rewards – 401(k) retirement plan with generous matching up to 6% of annual pay, plus an additional discretionary match at the end of year
Flexible PTO – Unlimited paid time off, which allows team members to take the time they need for vacation or illness so they can return to work able to contribute fully to our mission. The foundation recognizes 11 paid national holidays per year and may also announce closure for local, regional, or state holidays
Remote Work Environment - Ability to work 100% remotely, but not alone - with mature, socially minded professionals
Wellness Support – Access to Ginger, Gympass, Headspace, and SmartSpend Plus, along with financial well-being providers
Parental Leave – Up to 6 months of gender-neutral paid leave for parents and caregivers when they have a new addition to their families
Learning Reimbursements – Foundation policy encouraging employees to explore development opportunities such as peer learning, internal trainings, and external activities; savings on student loans (available via insurance provider)
Philanthropic Gift Matching – opportunity for team members to support vulnerable communities, reflecting PJMF’s commitment to social impact
The attributes listed above represent our current thinking for the role. You can be a great candidate even if you don't fit everything we've described below. You can also have important skills we haven't thought of. If that's you - even if you’re on the fence - we encourage you to apply and tell us about yourself!

We have built an environment that celebrates the differences in backgrounds and experiences. PJMF invests in activities that lead to greater inclusion, diversity, equity, and accessibility in how AI and data are conceptualized, developed, applied, and deployed. We are applying the same framework as our team grows and expands. We are an equal opportunity employer and we especially encourage and invite members of traditionally underrepresented communities to apply.

All PJMF team members must be fully vaccinated against COVID-19.",https://www.indeed.com/rc/clk?jk=006421105811ad35&fccid=65f3ba60f8f26ef8&vjs=3,"$110,000 - $140,000 a year"
